Workbook

Sheet Instruções
B2: Validação de CNPJs
B4: Esta planilha realiza a validação de dados cadastrais de empresas a partir de três fontes:
B6: 1. Planilha enviada pelo cliente
B7: 2. Dados cadastrados no sistema interno
B8: 3. Consulta via API pública de CNPJ
B10: A validação compara os dados e retorna uma ação recomendada para o processo operacional.
B12: Fluxo de uso
B14: 1. Importar os dados da planilha enviada pelo cliente
B15: 2. Atualizar os dados do sistema interno
B16: 3. Ir na aba Dados no excel e clicar em atualizar tudo
B17: 4. Verificar a aba Validação de CNPJs
B19: Interpretação dos resultados
B21: Resultado | C21: Ação
B22: CNPJ ok | C22: Continuar envio
B23: Acionar Cliente | C23: Solicitar correção cadastral
B24: Atualizar Sistema | C24: Corrigir cadastro interno
B25: Validar Manualmente | C25: Conferir divergência
B28: Observação
B30: A coluna CNPJ para cruzamento contém o número sem formatação para garantir precisão nas comparações.

Sheet Planilha de Validação
A1: Validação de CNPJs
A2: CNPJ PARA CRUZAMENTO | B2: CNPJ | C2: RAZÃO SOCIAL | D2: RUA | E2: BAIRRO | F2: CIDADE | G2: VALIDAÇÃO PLANILHA CLIENTE | H2: VALIDAÇÃO SISTEMA EMPRESA | I2: RESUMO
A3: ='Planilha de Envio Cliente'!B9 -> 00000000000191 | B3: =TEXT(A3,"00\.000\.000\/0000\-00") -> 00.000.000/0001-91 | C3: =_xlfn.XLOOKUP(A3,Tabela2_1[CNPJ],Tabela2_1[RAZÃO SOCIAL]) -> BANCO DO BRASIL SA | D3: =_xlfn.CONCAT(_xlfn.XLOOKUP(A3,Tabela2_1[CNPJ],Tabela2_1[API.logradouro]),", ",_xlfn.XLOOKUP(A3,Tabela2_1[CNPJ],Tabela2_1[API.numero])) -> Q SAUN QUADRA 5 BLOCO B TORRE I, II, III, SN | E3: =_xlfn.XLOOKUP(A3,Tabela2_1[CNPJ],Tabela2_1[API.bairro]) -> ASA NORTE | F3: =_xlfn.CONCAT(_xlfn.XLOOKUP(A3,Tabela2_1[CNPJ],Tabela2_1[API.municipio])," - ",_xlfn.XLOOKUP(A3,Tabela2_1[CNPJ],Tabela2_1[API.uf])) -> BRASILIA - DF | G3: =IF(_xlfn.CONCAT(C3:F3)=CONCATENATE(_xlfn.XLOOKUP(A3,'Planilha de Envio Cliente'!B:B,'Planilha de Envio Cliente'!D:D),_xlfn.XLOOKUP(A3,'Planilha de Envio Cliente'!B:B,'Planilha de Envio Cliente'!E:E),", ",_xlfn.XLOOKUP(A3,'Planilha de Envio Cliente'!B:B,'Planilha de Envio Cliente'!F:F),_xlfn.XLOOKUP(A3,'Planilha de Envio Cliente'!B:B,'Planilha de Envio Cliente'!G:G),_xlfn.XLOOKUP(A3,'Planilha de Envio Cliente'!B:B,'Planilha de Envio Cliente'!H:H)," - ",_xlfn.XLOOKUP(A3,'Planilha de Envio Cliente'!B:B,'Planilha de Envio Cliente'!I:I)),"Continuar Envio","Acionar Cliente") -> Acionar Cliente | H3: =IF(_xlfn.CONCAT(C3:F3)=_xlfn.CONCAT(_xlfn.XLOOKUP(A3,'Dados Sistema Interno'!B:B,'Dados Sistema Interno'!D:D),_xlfn.XLOOKUP(A3,'Dados Sistema Interno'!B:B,'Dados Sistema Interno'!E:E),", ",_xlfn.XLOOKUP(A3,'Dados Sistema Interno'!B:B,'Dados Sistema Interno'!F:F),_xlfn.XLOOKUP(A3,'Dados Sistema Interno'!B:B,'Dados Sistema Interno'!G:G),_xlfn.XLOOKUP(A3,'Dados Sistema Interno'!B:B,'Dados Sistema Interno'!H:H)," - ",_xlfn.XLOOKUP(A3,'Dados Sistema Interno'!B:B,'Dados Sistema Interno'!I:I)),"Continuar Envio","Atualizar Sistema") -> Continuar Envio | I3: {=IFERROR(_xlfn.IFS( AND(G3="Continuar Envio",H3="Continuar Envio"),"CNPJ ok", AND(G3="Acionar Cliente",H3="Continuar Envio"),"Acionar Cliente", AND(G3="Continuar Envio",H3="Atualizar Sistema"),"Atualizar Sistema" ),"Validar Manualmente")} -> Acionar Cliente
A4: ='Planilha de Envio Cliente'!B10 -> 33000167000101 | B4: =TEXT(A4,"00\.000\.000\/0000\-00") -> 33.000.167/0001-01 | C4: =_xlfn.XLOOKUP(A4,Tabela2_1[CNPJ],Tabela2_1[RAZÃO SOCIAL]) -> PETROLEO BRASILEIRO S A PETROBRAS | D4: =_xlfn.CONCAT(_xlfn.XLOOKUP(A4,Tabela2_1[CNPJ],Tabela2_1[API.logradouro]),", ",_xlfn.XLOOKUP(A4,Tabela2_1[CNPJ],Tabela2_1[API.numero])) -> AV REPUBLICA DO CHILE, 65 | E4: =_xlfn.XLOOKUP(A4,Tabela2_1[CNPJ],Tabela2_1[API.bairro]) -> CENTRO | F4: =_xlfn.CONCAT(_xlfn.XLOOKUP(A4,Tabela2_1[CNPJ],Tabela2_1[API.municipio])," - ",_xlfn.XLOOKUP(A4,Tabela2_1[CNPJ],Tabela2_1[API.uf])) -> RIO DE JANEIRO - RJ | G4: =IF(_xlfn.CONCAT(C4:F4)=CONCATENATE(_xlfn.XLOOKUP(A4,'Planilha de Envio Cliente'!B:B,'Planilha de Envio Cliente'!D:D),_xlfn.XLOOKUP(A4,'Planilha de Envio Cliente'!B:B,'Planilha de Envio Cliente'!E:E),", ",_xlfn.XLOOKUP(A4,'Planilha de Envio Cliente'!B:B,'Planilha de Envio Cliente'!F:F),_xlfn.XLOOKUP(A4,'Planilha de Envio Cliente'!B:B,'Planilha de Envio Cliente'!G:G),_xlfn.XLOOKUP(A4,'Planilha de Envio Cliente'!B:B,'Planilha de Envio Cliente'!H:H)," - ",_xlfn.XLOOKUP(A4,'Planilha de Envio Cliente'!B:B,'Planilha de Envio Cliente'!I:I)),"Continuar Envio","Acionar Cliente") -> Continuar Envio | H4: =IF(_xlfn.CONCAT(C4:F4)=_xlfn.CONCAT(_xlfn.XLOOKUP(A4,'Dados Sistema Interno'!B:B,'Dados Sistema Interno'!D:D),_xlfn.XLOOKUP(A4,'Dados Sistema Interno'!B:B,'Dados Sistema Interno'!E:E),", ",_xlfn.XLOOKUP(A4,'Dados Sistema Interno'!B:B,'Dados Sistema Interno'!F:F),_xlfn.XLOOKUP(A4,'Dados Sistema Interno'!B:B,'Dados Sistema Interno'!G:G),_xlfn.XLOOKUP(A4,'Dados Sistema Interno'!B:B,'Dados Sistema Interno'!H:H)," - ",_xlfn.XLOOKUP(A4,'Dados Sistema Interno'!B:B,'Dados Sistema Interno'!I:I)),"Continuar Envio","Atualizar Sistema") -> Continuar Envio | I4: {=IFERROR(_xlfn.IFS( AND(G4="Continuar Envio",H4="Continuar Envio"),"CNPJ ok", AND(G4="Acionar Cliente",H4="Continuar Envio"),"Acionar Cliente", AND(G4="Continuar Envio",H4="Atualizar Sistema"),"Atualizar Sistema" ),"Validar Manualmente")} -> CNPJ ok
A5: ='Planilha de Envio Cliente'!B11 -> 61190096000192 | B5: =TEXT(A5,"00\.000\.000\/0000\-00") -> 61.190.096/0001-92 | C5: =_xlfn.XLOOKUP(A5,Tabela2_1[CNPJ],Tabela2_1[RAZÃO SOCIAL]) -> EUROFARMA LABORATORIOS S.A. | D5: =_xlfn.CONCAT(_xlfn.XLOOKUP(A5,Tabela2_1[CNPJ],Tabela2_1[API.logradouro]),", ",_xlfn.XLOOKUP(A5,Tabela2_1[CNPJ],Tabela2_1[API.numero])) -> AV VER JOSE DINIZ, 3465 | E5: =_xlfn.XLOOKUP(A5,Tabela2_1[CNPJ],Tabela2_1[API.bairro]) -> SANTO AMARO | F5: =_xlfn.CONCAT(_xlfn.XLOOKUP(A5,Tabela2_1[CNPJ],Tabela2_1[API.municipio])," - ",_xlfn.XLOOKUP(A5,Tabela2_1[CNPJ],Tabela2_1[API.uf])) -> SAO PAULO - SP | G5: =IF(_xlfn.CONCAT(C5:F5)=CONCATENATE(_xlfn.XLOOKUP(A5,'Planilha de Envio Cliente'!B:B,'Planilha de Envio Cliente'!D:D),_xlfn.XLOOKUP(A5,'Planilha de Envio Cliente'!B:B,'Planilha de Envio Cliente'!E:E),", ",_xlfn.XLOOKUP(A5,'Planilha de Envio Cliente'!B:B,'Planilha de Envio Cliente'!F:F),_xlfn.XLOOKUP(A5,'Planilha de Envio Cliente'!B:B,'Planilha de Envio Cliente'!G:G),_xlfn.XLOOKUP(A5,'Planilha de Envio Cliente'!B:B,'Planilha de Envio Cliente'!H:H)," - ",_xlfn.XLOOKUP(A5,'Planilha de Envio Cliente'!B:B,'Planilha de Envio Cliente'!I:I)),"Continuar Envio","Acionar Cliente") -> Continuar Envio | H5: =IF(_xlfn.CONCAT(C5:F5)=_xlfn.CONCAT(_xlfn.XLOOKUP(A5,'Dados Sistema Interno'!B:B,'Dados Sistema Interno'!D:D),_xlfn.XLOOKUP(A5,'Dados Sistema Interno'!B:B,'Dados Sistema Interno'!E:E),", ",_xlfn.XLOOKUP(A5,'Dados Sistema Interno'!B:B,'Dados Sistema Interno'!F:F),_xlfn.XLOOKUP(A5,'Dados Sistema Interno'!B:B,'Dados Sistema Interno'!G:G),_xlfn.XLOOKUP(A5,'Dados Sistema Interno'!B:B,'Dados Sistema Interno'!H:H)," - ",_xlfn.XLOOKUP(A5,'Dados Sistema Interno'!B:B,'Dados Sistema Interno'!I:I)),"Continuar Envio","Atualizar Sistema") -> Atualizar Sistema | I5: {=IFERROR(_xlfn.IFS( AND(G5="Continuar Envio",H5="Continuar Envio"),"CNPJ ok", AND(G5="Acionar Cliente",H5="Continuar Envio"),"Acionar Cliente", AND(G5="Continuar Envio",H5="Atualizar Sistema"),"Atualizar Sistema" ),"Validar Manualmente")} -> Atualizar Sistema

Sheet Planilha de Envio Cliente
B2: Base recebida do cliente
B3: Preencha ou cole os dados enviados pelo cliente. A coluna “CNPJ PARA CRUZAMENTO” normaliza o CNPJ para a consulta.
B8: CNPJ PARA CRUZAMENTO | C8: CNPJ | D8: NOME | E8: ENDEREÇO | F8: Nº | G8: BAIRRO | H8: CIDADE | I8: UF
B9: =TEXT(SUBSTITUTE(SUBSTITUTE(SUBSTITUTE(SUBSTITUTE(C9,".",""),"-",""),"/","")," ",""),"00000000000000") -> 00000000000191 | C9: 00.000.000/0001-91 | D9: BANCO DO BRASIL SA | E9: Q SAUN QUADRA 5 BLOCO B TORRE I, II, III | F9: 0 | G9: ASA NORTE | H9: BRASILIA | I9: DF
B10: =TEXT(SUBSTITUTE(SUBSTITUTE(SUBSTITUTE(SUBSTITUTE(C10,".",""),"-",""),"/","")," ",""),"00000000000000") -> 33000167000101 | C10: 33.000.167/0001-01 | D10: PETROLEO BRASILEIRO S A PETROBRAS | E10: AV REPUBLICA DO CHILE | F10: 65 | G10: CENTRO | H10: RIO DE JANEIRO | I10: RJ
B11: =TEXT(SUBSTITUTE(SUBSTITUTE(SUBSTITUTE(SUBSTITUTE(C11,".",""),"-",""),"/","")," ",""),"00000000000000") -> 61190096000192 | C11: 61190096000192 | D11: EUROFARMA LABORATORIOS S.A. | E11: AV VER JOSE DINIZ | F11: 3465 | G11: SANTO AMARO | H11: SAO PAULO | I11: SP

Sheet Dados Sistema Interno
B2: Base do Sistema Interno do Cliente
B3: Preencha ou cole os dados que constam no sistema. A coluna “CNPJ PARA CRUZAMENTO” normaliza o CNPJ para a consulta.
B8: Dados do sistema interno
B9: CNPJ PARA CRUZAMENTO | C9: CNPJ | D9: NOME | E9: ENDEREÇO | F9: Nº | G9: BAIRRO | H9: CIDADE | I9: UF
B10: =TEXT(SUBSTITUTE(SUBSTITUTE(SUBSTITUTE(SUBSTITUTE(C10,".",""),"-",""),"/","")," ",""),"00000000000000") -> 00000000000191 | C10: 00.000.000/0001-91 | D10: BANCO DO BRASIL SA | E10: Q SAUN QUADRA 5 BLOCO B TORRE I, II, III | F10: SN | G10: ASA NORTE | H10: BRASILIA | I10: DF
B11: =TEXT(SUBSTITUTE(SUBSTITUTE(SUBSTITUTE(SUBSTITUTE(C11,".",""),"-",""),"/","")," ",""),"00000000000000") -> 33000167000101 | C11: 33.000.167/0001-01 | D11: PETROLEO BRASILEIRO S A PETROBRAS | E11: AV REPUBLICA DO CHILE | F11: 65 | G11: CENTRO | H11: RIO DE JANEIRO | I11: RJ
B12: =TEXT(SUBSTITUTE(SUBSTITUTE(SUBSTITUTE(SUBSTITUTE(C12,".",""),"-",""),"/","")," ",""),"00000000000000") -> 61190096000192 | C12: 61190096000192 | D12: EUROFARMA LABORATORIOS S.A. | E12: AV VER JOSE DINIZ | F12: 3465 b | G12: SANTO AMARO | H12: SAO PAULO | I12: SP

Sheet Dados Fazenda API
A1: CNPJ | B1: RAZÃO SOCIAL | C1: RUA | D1: BAIRRO | E1: CIDADE | F1: API.abertura | G1: API.situacao | H1: API.tipo | I1: API.nome | J1: API.fantasia | K1: API.porte | L1: API.natureza_juridica | M1: API.atividade_principal | N1: API.atividades_secundarias | O1: API.qsa | P1: API.logradouro | Q1: API.numero | R1: API.complemento | S1: API.municipio | T1: API.bairro | U1: API.uf | V1: API.cep | W1: API.email | X1: API.telefone | Y1: API.data_situacao | Z1: API.efr | AA1: API.cnpj | AB1: API.ultima_atualizacao | AC1: API.status | AD1: API.motivo_situacao | AE1: API.situacao_especial | AF1: API.data_situacao_especial | AG1: API.capital_social | AH1: API.simples | AI1: API.simei | AJ1: API.extra | AK1: API.billing
A2: 00000000000191 | B2: BANCO DO BRASIL SA | C2: Q SAUN QUADRA 5 BLOCO B TORRE I, II, III, SN | D2: ASA NORTE | E2: BRASILIA - DF | F2: 01/08/1966 | G2: ATIVA | H2: MATRIZ | I2: BANCO DO BRASIL SA | J2: DIRECAO GERAL | K2: DEMAIS | L2: 203-8 - Sociedade de Economia Mista | M2: [List] | N2: [List] | O2: [List] | P2: Q SAUN QUADRA 5 BLOCO B TORRE I, II, III | Q2: SN | R2: ANDAR T I SL S101 A S1602 T II SL C101 A C1602 TIII SL N101 A N1602 | S2: BRASILIA | T2: ASA NORTE | U2: DF | V2: 70.040-912 | W2: secex@bb.com.br | X2: (61) 3493-9002 | Y2: 03/11/2005 | Z2: UNIÃO | AA2: 00.000.000/0001-91 | AB2: 2026-03-16T16:21:28.858Z | AC2: OK | AG2: 120000000000.00 | AH2: [Record] | AI2: [Record] | AJ2: [Record] | AK2: [Record]
A3: 33000167000101 | B3: PETROLEO BRASILEIRO S A PETROBRAS | C3: AV REPUBLICA DO CHILE, 65 | D3: CENTRO | E3: RIO DE JANEIRO - RJ | F3: 28/09/1966 | G3: ATIVA | H3: MATRIZ | I3: PETROLEO BRASILEIRO S A PETROBRAS | J3: PETROBRAS - EDISE | K3: DEMAIS | L3: 203-8 - Sociedade de Economia Mista | M3: [List] | N3: [List] | O3: [List] | P3: AV REPUBLICA DO CHILE | Q3: 65 | S3: RIO DE JANEIRO | T3: CENTRO | U3: RJ | V3: 20.031-170 | W3: cc-rfisc@petrobras.com.br | X3: (21) 2166-0000 | Y3: 03/11/2005 | Z3: UNIÃO | AA3: 33.000.167/0001-01 | AB3: 2026-03-13T15:42:45.299Z | AC3: OK | AG3: 205431960490.52 | AH3: [Record] | AI3: [Record] | AJ3: [Record] | AK3: [Record]
A4: 61190096000192 | B4: EUROFARMA LABORATORIOS S.A. | C4: AV VER JOSE DINIZ, 3465 | D4: SANTO AMARO | E4: SAO PAULO - SP | F4: 05/07/1966 | G4: ATIVA | H4: MATRIZ | I4: EUROFARMA LABORATORIOS S.A. | J4: EUROFARMA - MOMENTA | K4: DEMAIS | L4: 204-6 - Sociedade Anônima Aberta | M4: [List] | N4: [List] | O4: [List] | P4: AV VER JOSE DINIZ | Q4: 3465 | R4: ANDAR 18 EDIF VIVA | S4: SAO PAULO | T4: SANTO AMARO | U4: SP | V4: 04.603-903 | W4: contencioso.fiscal@eurofarma.com.br | X4: (11) 5090-8612 | Y4: 03/11/2005 | AA4: 61.190.096/0001-92 | AB4: 2026-03-11T14:05:59.369Z | AC4: OK | AG4: 1205522017.57 | AH4: [Record] | AI4: [Record] | AJ4: [Record] | AK4: [Record]
